<?xml version="1.0" encoding="UTF-8"?>
<project xmlns="http://maven.apache.org/POM/4.0.0"
         xmlns:xsi="http://www.w3.org/2001/XMLSchema-instance"
         xsi:schemaLocation="http://maven.apache.org/POM/4.0.0 http://maven.apache.org/xsd/maven-4.0.0.xsd">
    <modelVersion>4.0.0</modelVersion>
    <groupId>CS61B</groupId>
    <artifactId>61BMasterPom</artifactId>
    <version>1.0-SNAPSHOT</version>
    <packaging>pom</packaging>

    <dependencies>
        <dependency>
            <groupId>CS61B</groupId>
            <artifactId>Jama-1.0.3.jar</artifactId>
            <version>1.0.3</version>
        </dependency>
        <dependency>
            <groupId>CS61B</groupId>
            <artifactId>algs4.jar</artifactId>
            <version>1.0</version>
        </dependency>
        <dependency>
            <groupId>CS61B</groupId>
            <artifactId>checkstyle-5.9-all.jar</artifactId>
            <version>5.9</version>
        </dependency>
        <dependency>
            <groupId>CS61B</groupId>
            <artifactId>checkstyle-7.4-all.jar</artifactId>
            <version>7.4</version>
        </dependency>
        <dependency>
            <groupId>CS61B</groupId>
            <artifactId>classmexer.jar</artifactId>
            <version>1.0</version>
        </dependency>
        <dependency>
            <groupId>CS61B</groupId>
            <artifactId>commons-math3-3.6.jar</artifactId>
            <version>3.6</version>
        </dependency>
        <dependency>
            <groupId>CS61B</groupId>
            <artifactId>gjdb.jar</artifactId>
            <version>1.0</version>
        </dependency>
        <dependency>
            <groupId>CS61B</groupId>
            <artifactId>gson-2.8.2.jar</artifactId>
            <version>2.8.2</version>
        </dependency>
        <dependency>
            <groupId>CS61B</groupId>
            <artifactId>hamcrest-core-1.3.jar</artifactId>
            <version>1.3</version>
        </dependency>
        <dependency>
            <groupId>CS61B</groupId>
            <artifactId>jetty-http-9.4.15.v20190215.jar</artifactId>
            <version>9.4.15</version>
        </dependency>
        <dependency>
            <groupId>CS61B</groupId>
            <artifactId>jetty-io-9.4.15.v20190215.jar</artifactId>
            <version>9.4.15</version>
        </dependency>
        <dependency>
            <groupId>CS61B</groupId>
            <artifactId>jetty-http-9.4.15.v20190215.jar</artifactId>
            <version>9.4.15</version>
        </dependency>
        <dependency>
            <groupId>CS61B</groupId>
            <artifactId>jetty-server-9.4.15.v20190215.jar</artifactId>
            <version>9.4.15</version>
        </dependency>
        <dependency>
            <groupId>CS61B</groupId>
            <artifactId>jetty-util-9.4.15.v20190215.jar</artifactId>
            <version>9.4.15</version>
        </dependency>
        <dependency>
            <groupId>CS61B</groupId>
            <artifactId>jh61b.jar</artifactId>
            <version>1.0</version>
        </dependency>
        <dependency>
            <groupId>CS61B</groupId>
            <artifactId>junit-4.12.jar</artifactId>
            <version>4.12</version>
        </dependency>
        <dependency>
            <groupId>CS61B</groupId>
            <artifactId>servlet-api.jar</artifactId>
            <version>1.0</version>
        </dependency>
        <dependency>
            <groupId>CS61B</groupId>
            <artifactId>slf4j-api-1.7.26.jar</artifactId>
            <version>1.7.26</version>
        </dependency>
        <dependency>
            <groupId>CS61B</groupId>
            <artifactId>slf4j-simple-1.7.26.jar</artifactId>
            <version>1.7.26</version>
        </dependency>
        <dependency>
            <groupId>CS61B</groupId>
            <artifactId>spark-core-2.3.jar</artifactId>
            <version>2.3</version>
        </dependency>
        <dependency>
            <groupId>CS61B</groupId>
            <artifactId>stdlib-package.jar</artifactId>
            <version>1.0</version>
        </dependency>
        <dependency>
            <groupId>CS61B</groupId>
            <artifactId>stdlib.jar</artifactId>
            <version>1.0</version>
        </dependency>
        <dependency>
            <groupId>CS61B</groupId>
            <artifactId>ucb.jar</artifactId>
            <version>1.0</version>
        </dependency>
        <dependency>
            <groupId>CS61B</groupId>
            <artifactId>websocket-api-9.4.15.v20190215.jar</artifactId>
            <version>9.4.15</version>
        </dependency>
        <dependency>
            <groupId>CS61B</groupId>
            <artifactId>websocket-client-9.4.15.v20190215.jar</artifactId>
            <version>9.4.15</version>
        </dependency>
        <dependency>
            <groupId>CS61B</groupId>
            <artifactId>websocket-common-9.4.15.v20190215.jar</artifactId>
            <version>9.4.15</version>
        </dependency>
        <dependency>
            <groupId>CS61B</groupId>
            <artifactId>websocket-server-9.4.15.v20190215.jar</artifactId>
            <version>9.4.15</version>
        </dependency>
        <dependency>
            <groupId>CS61B</groupId>
            <artifactId>websocket-servlet-9.4.15.v20190215.jar</artifactId>
            <version>9.4.15</version>
        </dependency>
        <dependency>
            <groupId>CS61B</groupId>
            <artifactId>xchart-3.5.1.jar</artifactId>
            <version>3.5.1</version>
        </dependency>
        <dependency>
            <groupId>CS61B</groupId>
            <artifactId>PNHgjdb.jar</artifactId>
            <version>1.0</version>
        </dependency>
        <dependency>
            <groupId>CS61B</groupId>
            <artifactId>PNHjpt.jar	</artifactId>
            <version>1.0</version>
        </dependency>
        <dependency>
            <groupId>CS61B</groupId>
            <artifactId>PNHtools.jar</artifactId>
            <version>1.0</version>
        </dependency>
        <dependency>
            <groupId>CS61B</groupId>
            <artifactId>PNHucb-checkstyle.jar</artifactId>
            <version>1.0</version>
        </dependency>
        <dependency>
            <groupId>CS61B</groupId>
            <artifactId>PNHucb-f2007.jar</artifactId>
            <version>1.0</version>
        </dependency>
        <dependency>
            <groupId>CS61B</groupId>
            <artifactId>PNHucb.jar</artifactId>
            <version>1.0</version>
        </dependency>
    </dependencies>


</project>
